{"r2_score": 0.9576677599564906, "mae": 0.027207707498511768}